{"Source":"InternalBuild","Data":{"System.CollectionId":"27bf89de-9697-418a-accf-1aa125b22914","System.DefinitionId":"2502","System.TeamProjectId":"454a20a9-dfe6-4c1f-8ae8-417f76adb472","System.TeamProject":"Mobile-Center","Build.BuildId":"1497913","Build.BuildNumber":"build-vm-assets-20231127.1","Build.DefinitionName":"build-vm-assets","Build.DefinitionRevision":"32","Build.Repository.Name":"appcenter","Build.Repository.Provider":"TfsGit","Build.Repository.Id":"bcd79acf-9383-4121-86d7-c5d443d9a72c","Build.SourceBranch":"refs/heads/master","Build.SourceBranchName":"master","Build.SourceVersion":"7e0b3a10083adcd2e5d3c1b57be887f481fc27be","Build.Repository.Uri":"https://dev.azure.com/msmobilecenter/Mobile-Center/_git/appcenter"},"Feed":null}